<?xml version="1.0" encoding="UTF-8"?>
<project-private xmlns="http://www.netbeans.org/ns/project-private/1">
    <editor-bookmarks xmlns="http://www.netbeans.org/ns/editor-bookmarks/2" lastBookmarkId="0"/>
    <open-files xmlns="http://www.netbeans.org/ns/projectui-open-files/2">
        <group>
            <file>file:/H:/Faculdade/2017/2º%20Semestre/POO/Aula%204/Exercicio1/src/exercicio1/Funcionario.java</file>
            <file>file:/H:/Faculdade/2017/2º%20Semestre/POO/Aula%204/Exercicio1/src/exercicio1/Gerente.java</file>
            <file>file:/H:/Faculdade/2017/2º%20Semestre/POO/Aula%204/Exercicio1/src/exercicio1/Venda.java</file>
            <file>file:/H:/Faculdade/2017/2º%20Semestre/POO/Aula%204/Exercicio1/src/exercicio1/Exercicio1.java</file>
        </group>
    </open-files>
</project-private>
